ID,ソース・種別,閉塞感カードタイトル,詳細・文脈,関連放送回
H001,リスナーメール (2026年),ライブハウスのワンドリンク、下戸向けの選択肢が少なすぎる…,アルコールアレルギーなのに、ライブハウスのドリンク代でお酒ばかり並んでいて選べるソフトドリンクが極端に少ない閉塞感。,
H002,リスナーメール (2026年),『クリエイター35歳限界説』が目前に迫り、焦りと不安が止まらない…,35歳を迎えるにあたり、趣味や創作活動をこのまま続けていいのか、才能の限界への恐怖と焦り。,
H003,リスナーメール (2026年),憧れて入部したのに、周りが上手すぎて劣等感で歌えなくなる…,高校で合唱部に入ったものの、周囲の歌唱力が高すぎて自分だけ下手な気がしてモチベーションが急降下する悩み。,
H004,リスナーメール (2026年),ライブの激しい点滅照明にやられて、立っていられなくなる…,フェスやライブで過剰なストロボ・フラッシュ照明が続き、体調が悪くなって音楽に集中できない。,
H005,リスナーメール (2026年),行きつけの店で、知らない客から『前に歌ってたあの曲歌ってよ』と絡まれる…,カラオケバーで一度歌っただけで、面識のない常連客から勝手にリクエストされてプレッシャーを感じる。,
H006,リスナーメール (2025年),何でも『推し』『尊い』で片付けられる風潮に、語彙力の限界を感じる…,好きな作品やアーティストへの深い感情を、世間の安易な『推し活』言葉で括られることへの違和感。,
H007,リスナーメール (2025年),自分の結婚式なのに、親族や世間体の調整ばかりでちっとも楽しくない…,自分たちの晴れ舞台のはずが、親の意向や形式的なマナーに縛られてただの苦行になってしまう閉塞感。,
H008,リスナーメール (2025年),休日に何も予定がないと、自分だけ人生を無駄にしている気がする…,SNSで充実した休日を過ごす知人を見て、家でダラダラ過ごす自分に激しい自己嫌悪を抱く。,
H009,リスナーメール (2024年),仕事に熱中しすぎて、大事な人生の節目を逃してないか焦る…,第709回。目の前の仕事に没頭するあまり、結婚や出産のタイムリミットを後回しにしている不安。,
H010,リスナーメール (2024年),PCで秒で終わる作業を『手書きで紙出力しろ』と言われる苦痛…,所属1年目で反論もできず、明らかに非効率な旧態依然のルールに従わされるフラストレーション。,
H011,リスナーメール (2024年),正社員と同じ責任・業務なのに、待遇の壁を感じる…,求められる成果や裁量は正社員と同じなのに、雇用形態の差で給与や評価に差がつく理不尽さ。,
H012,リスナーメール (2024年),街中の『小銭の擦れる音』が耳について落ち着かない…,バスやレジで小銭をジャラジャラ触る音が苦手で、周囲の環境音に敏感になってしまう。,
H013,リスナーメール (2024年),何となく生きているけど、将来がうっすら不安…,今すぐ生活に困っているわけではないが、変わり映えのない日々に漠然とした焦燥感を抱える日常。,
H014,リスナーメール (2024年),どれだけ頑張っても、推しのライブチケットが当たらない…,FC先行や一般発売を全部申し込んでも全落ちし、会いたい人に会えないやるせなさ。,
H015,リスナーメール (2024年),ふとした瞬間に顔を出す、学歴コンプレックス…,日常では忘れていても、他人の経歴や会話の端々で劣等感がチクッと刺激される閉塞感。,
H016,リスナーメール (2024年),SNSでインプレ稼ぎの対立煽りばかり流れてきてウンザリ…,嘘やデマ、国同士や世代間の分断を煽る投稿がタイムラインを埋め尽くす不快感。,
H017,リスナーメール (2024年),自分の限界なのか、まだ伸び代があるのか見極めがつかない…,努力を続けるべきか、引き際を見極めるべきか、自分の現在地が分からなくなる葛藤。,
H018,リスナーメール (2024年),「店員にタメ口を使う客」を見ると猛烈にモヤッとする…,サービスを提供する側に対して、年下や学生だからと横柄な態度を取る客への理不尽感。,
H019,リスナーメール (2024年),夢を追うほど、焦りと挫折ばかり募る…,挑戦と挫折を繰り返しながら夢を追い続ける中で、出口の見えない不安に押しつぶされそうな日々。,
H020,リスナーメール (2024年),AIの進化で、自分の得意スキルが消滅しそうな危機感…,これまで積み上げてきた技術や強みが、AIの登場で一瞬で不要になるかもしれない焦り。,
H021,リスナーメール (2024年),育児優先で15年、自分のやりたいことが消えていた…,家族のために自分を後回しにして頑張り続けた結果、ふと『自分らしさ』を見失ってしまった虚無感。,
H022,リスナーメール (2024年),周りからの『結婚まだ？』プレッシャーが重い…,30代に入り周囲から結婚を急かされるが、自分自身の価値観と世間の常識のギャップに苦しむ。,
H023,リスナーメール (2023年),世間の「蛙化現象」の使い方、なんか違くない…？,第638回。本来の心理学的な意味から離れて雑に使われている流行語に対するやり場のない違和感。,
H024,リスナーメール (2023年),書き始めた脚本、いつも途中で断念しちゃう…,第610回。創作を始めたいのに根気が続かず、最後まで書ききれずに挫折してしまう悩み。,
H025,リスナーメール (2023年),東大に行った彼のために、浪人すべきか悩む…,第687回。恋愛と進路の選択で、相手に合わせるべきか自分の道を進むか葛藤する悩み。,
H026,リスナーメール (2023年),彼氏が自分の誕生日に、母親へのプレゼントを選んでいた…,第538回。せっかくの自分の誕生日デートなのに、相手の家族愛が優先されてモヤッとする場面。,
H027,リスナーメール (2023年),親からの毎日の長電話、無下にもできず時間が削られる…,深夜の夕食も取れていない時間に実家の親から毎日電話が来て、断れずに消耗する悩み。,
H028,リスナーメール (2023年),大好きな限定商品、いつの間にか販売終了してる絶望…,愛用していたパスタソースやお菓子が突如廃盤になり、二度と手に入らない悲しみ。,
H029,リスナーメール (2023年),人に感情移入しすぎて、ニュースや他人の不幸で心が削られる…,第682回。共感性が高すぎるあまり、悲しいニュースや他人のトラブルに巻き込まれて精神が消耗する。,
H030,リスナーメール (2023年),褒められても『お世辞だろう』と素直に喜べない…,自己肯定感の低さから他人の好意を裏読みしてしまい、素直に受け取れない悲しさ。,
H031,リスナーメール (2022年),スポーツや勝負事で『勝ちたい』という闘争心がどうしても湧かない…,第610回。実力はあるのに競争やマウントの取り合いに興味が持てず、部活や組織で浮いてしまう悩み。,
H032,リスナーメール (2022年),盛り上がった新企画、いつの間にか立ち消えがち…,第552回。アイデアはたくさん出るのに、実行に移されずフェードアウトしてしまうモヤモヤ。,
H033,リスナーメール (2022年),職場での『かわいい人間』の振る舞い方が分からず、可愛げがないと言われる…,愛想よく甘えたり頼ったりするのが苦手で、真面目にやってるのに損をしている気分になる。,
H034,リスナーメール (2021年),生きがいだった大好きなバンドのライブが断たれ、心の拠り所がない…,年間17回通っていた大好きなバンドの活動やライブが制限され、生きる活力が失われてしまった喪失感。,
H035,リスナーメール (2021年),アニメを見ない人間にとって、最近のアニソン特化の音楽シーンが遠い…,純粋な音楽としてJ-POPや洋楽を楽しみたいのに、作品とのタイアップ前提の風潮に疎外感を感じる。,
H036,リスナーメール (2021年),推しの結婚発表で、ぽっかり心に穴が空いた…,ガッキーと源ちゃんの結婚など、祝福したいけれど喪失感で何も手につかないロス状態。,
H037,リスナーメール (2021年),同調圧力で休むことが『悪』とされている職場の空気が息苦しい…,第673回。体調が悪くても誰も休まず、休養を取ることに罪悪感を植え付けられる環境への苦しみ。,
H038,リスナーメール (2020年),リモートワークで一日中誰とも喋らず、孤独感に押しつぶされそう…,第541回。一人暮らしで会話がなく、声の出し方を忘れそうなほど閉塞感に苛まれる日々。,
H039,リスナーメール (2020年),育休復帰後、仕事と子育ての両立で自分の時間が完全にゼロ…,朝から晩までタスクに追われ、息をつく暇もなく毎日が怒涛のように過ぎ去っていく閉塞感。,
H040,リスナーメール (2020年),SNSで知り合いのキラキラした子育て投稿を見るのが正直しんどい…,自分は必死で余裕がないのに、周りの楽しそうな家庭の様子と比べて落ち込んでしまう。,
H041,リスナーメール (2020年),『いつでも連絡してね』を真に受けて連絡できない…,相手の社交辞令なのか本音なのか測りかねて、結局誰にも頼れず孤立してしまう。,
H042,カード原案 (C109),いつもの道が、なぜか遠回り…,朝の通勤路、信号や工事、ゆっくり歩く人…今日はやけに長い散歩みたいになっている。,
H043,カード原案 (C110),開けようとしたページが、見つからない…,ブラウザのタブを何度も探すけど見つからない。本棚の隙間に吸い込まれた本みたい。,
H044,カード原案 (C111),ルーティンワークで、ふと手が止まる…,エクセルに数字を打ちながら、急に『ここはどこだっけ？』と別の世界にトリップして固まる。,
H045,カード原案 (C112),『またこれか…』って、つい出ちゃう時,書類の同じ修正依頼メールが今日3回目。脳内でため息のエコーが響く。,
H046,カード原案 (C113),BGMが、急に途切れた感じ…,カフェで作業中、急に音楽が止まり空調の音だけが大きく聞こえる。心まで静まり返る瞬間。,
H047,カード原案 (C114),言いたいこと、喉元でUターン…,会議でいいアイデアが浮かぶも、タイミングを逃して引き返す。高速出口を通り過ぎた車みたい。,
H048,カード原案 (C115),頭の中、整理整頓したいなぁ…,机の上も頭の中も書類だらけ。何から手を付けるべきか迷ううちに、さらに散らかっていく。,
H049,カード原案 (C116),心のアクセル、踏み込めない…,スタートラインでエンジンはかかっているのに、ギアを入れられずに空ぶかしだけしている日。,
H050,カード原案 (C117),自分ルールに、縛られてるかも…,『メールは朝しか返信しない』…自分で決めたルールが足かせなのに、なぜか手放せない。,
H051,カード原案 (C118),解決策、検索中… (でも見つからない),Googleを5ページ目まで漁っても欲しい答えがない。出口のない迷路を歩き回っている気分。,
H052,カード原案 (C119),「やります」の一言が、なぜか喉から出ない…,手を挙げればチャンスなのに、失敗への恐怖が勝ってチャンスを見送ってしまう瞬間。,
H053,カード原案 (C120),あと一歩が、なぜか重い…,メールの送信ボタンひとつ押すだけなのに、その指が鉛のように動かない。,
H054,カード原案 (C121),予定表の、空白が怖い…,来週のスケジュールに真っ白なページ。解放感よりも、じわじわ広がる不安。,
H055,カード原案 (C122),自分の中の、信号がずっと赤…,やるべきことが目の前にあるのに、心の交通信号が『進むな』と言い続ける。,
H056,カード原案 (C123),リセットボタン、どこだっけ…,ゲームなら一発なのに、人生の設定を元に戻すコマンドは見当たらない。,
H057,カード原案 (C124),会話のテンポに、ついてけない時…,話題が次々と変わる飲み会で、自分だけ古いチャンネルのラジオを聴いているような感覚。,
H058,カード原案 (C125),みんなが知ってる歌、私だけ知らない…,カラオケで突然始まった大合唱。口パクでごまかしながら、孤島に取り残された気分。,
H059,カード原案 (C126),窓の外だけ、時間が進んでる感じ…,自分の机の上は朝のままなのに、外は夕暮れの色。外と中で別の速度を刻んでいる。,
H060,カード原案 (C127),世間の『普通』が、自分にはしっくりこない…,みんなが当たり前にやっている生き方や常識に対して、どうしても違和感が拭えない。,
H061,カード原案 (C128),SNSの『いいね』が、やけに遠い…,投稿しても反応ゼロ。砂漠に向かって声を投げたみたいな静けさ。,
H062,リスナーメール,休日に『何もしなかった罪悪感』で夜を迎える…,一日中ゴロゴロしてリフレッシュしたはずなのに、夕方になると激しい後悔に襲われる。,
H063,リスナーメール,他人の何気ない一言を、夜布団の中で反芻してしまう…,昼間に言われた些細なフレーズが頭から離れず、一人反省会で眠れなくなる夜。,
H064,リスナーメール,フォロワーの『ご報告』を見るたび、心がザワつく…,SNSでの結婚・転職・受賞報告に対して、祝福したいのに嫉妬と焦りが混ざる瞬間。,
H065,リスナーメール,買いたい本ばかり増えて、一向に読み進められない…,知的好奇心で買った本が部屋に積み上がり、見るたびに未消化のプレッシャーを感じる。,
H066,リスナーメール,ちょっとした体の不調をネット検索して、大病だと怯える…,検索結果の最悪なケースばかり目に入り、勝手に絶望して不安を増幅させてしまう癖。,
H067,リスナーメール,二人きりになった瞬間、沈黙に耐えられなくなる…,エレベーターや移動中に会話を繋がなきゃと焦るあまり、変な天気の話題を振ってしまう。,
H068,リスナーメール,サブスクを何個も契約したまま、全く使っていない…,解約手続きの面倒くささに負けて、毎月口座から無駄なお金が引き落とされる敗北感。,
H069,リスナーメール,グループLINE、リアクションのタイミングを完全に逃した…,盛り上がっているスレッドに今さら入るに入れず、既読だけつけて傍観者になる気まずさ。,
H070,リスナーメール,おすすめ動画を無限に見て、気付けば外が真っ暗…,YouTubeのおすすめ動画をダラダラ見続けて、一日が終わってしまった時の罪悪感。,
