ID,カテゴリ,発言者/種別,項目内容,詳細文脈・理由,関連放送回,タイムスタンプ
M001,名言,田淵智也,ちゃんと切ってる俺好き～,第400回の放送。映画や舞台で開演の直前まで携帯電話をいじっている人は、開演した後に万が一音が出て恥ずかしい思いをする不安を感じたりしていないですかね？というメールに対して、田淵さんが、映画館で映画を観るときには映画泥棒が流れてる最中に携帯電話の電源を切るアピールをすることで「ちゃんとマナーを守っている俺好き～」と思えて、周りの電源を切ってない人に対するいかがなものかという感情をもたなくなるという時に出た名言でした。,第400回,2025/08/22 22:36:00
M002,名言,サンキュータツオ,ダメだよ田淵くん丸くなっちゃ,トラウマや地雷を踏むなどの、本来その当事者が聞いたらどう思うのかという話をしていた際に田淵さんが「使ってしまうことも確かにある。けれど今の話を聞いてヒヤヒヤしたという感覚を学びのチャンスとして受け止める」の後にサンキュータツオさんが仰られていました！（該当部分638回の 23:33〜）,第638回,2025/08/23 11:31:20
M003,名言,田代智一,おバカ様,第655回の放送。バカとアホは使いたくない田淵さんが「偏差値が低い」と言う言葉を使っていたがしっくりこなかったので、田代さんが提案された名言,第655回,2025/08/23 21:56:35
M004,名言,田代智一,この人生を1度目じゃなくて、2度目と思って生きる。,第569回の放送。好きな人と上手くコミュニケーションが取れないという悩みで、「人はいつか死ぬ」のになんでアプローチしなかったんだろうと何十年後に後悔が出る話から、SF映画でよくある1度未来を見に行って過去に戻った時に、人生を大切にできるという話からでた田代さんがSF映画の好きな所として仰られた名言。,第569回,2025/08/24 0:12:20
M005,名言,田淵智也,医者サイコー,第510回。体の不調やお悩みを専門医に相談したところ劇的に改善し、プロや専門家に頼ることの大切さを実感した時の名言。,第510回,2025/08/24 5:38:12
M006,名言,たっちレディオ,High Touch Scenario,500回記念でリスナー有志（私含む）が製作し、第566回からEDで流れている名曲！今もBoothで売ってるんですか？,第500回,2025/08/24 5:47:00
M007,名言,田代智一,パーフェクトな自分を目指すのではなく、ベターな自分になればいい,田代さんが仰ったお便り主へのお言葉です(2024.3),,2025/08/24 13:00:49
M008,名言,田代智一,弱いままでいい。その感性がクリエイティブな表現を生む。(ネットの)強くならなきゃという風潮はプレッシャーになる。(心は)マッチョにならなくていい。,2024.4.1に自分のXに投稿してました田代さんの言葉です。刺さりました文脈は覚えてませんが、閉塞感を投稿してきた方への回答だったはずです,,2025/08/24 13:07:30
M009,名言,田代智一,友情に上下はあってはならない,2019年11月頃、田代さんの名言、友人と対等でないと悩んでるリスナーに対して,,2025/08/25 4:03:52
M010,名言,田代智一,人はいつか死ぬ,第394回放送。田淵さんが好きなバンドやアニソンなどを自分で発信したいけど、まとめサイトなどにまとめられたりするのが嫌なので、やるか迷っているという相談。やってみて違ったらやめる。人はいつか死ぬからやってみる。田代さんが飲み会でよく言う名言。田淵さんいわく田代さんの決め台詞。この名言のおかげでアニソン派が始まったんだなと思いました。,第394回,2025/08/25 10:48:59
M011,名言,田淵智也,知らなかったです私、そんなの。,第568回。加湿器の手入れ知識を知らずに体調を崩した田淵さんの素直な一言。,第568回,2025/08/28 21:28:08
M012,名言,田淵智也,ノーカウントにしてほしい,725回　最初の雑談　これは風邪かどうか談義の時です　第一声がこれだったので印象に残ってます　汎用性もあると思います,第725回,2025/08/29 8:48:27
M013,名言,田淵智也,映画化決定,743回他(初出しはどこか分かりません)　トラブルは人生という映画のなかでは面白くなるという視点が目からウロコでした　私もその考えを持ちながら生きようと思いました,第743回,2025/08/29 8:51:52
M014,名言,サンキュータツオ,正式な幽霊部員,サンキュータツオさんですね 相反する言葉が繋がってて面白いと思います,,2025/08/29 10:51:17
M015,名言,サンキュータツオ,｢こんな可愛かったっけ｣,蛙化現象の誤用にキレている田淵さんに対する一言ですその後の田代さんの(田淵君は萌えキャラ)という一言も合わせて面白いです,,2025/08/29 11:07:18
M016,名言,田淵智也,医者最高！,第510回。体の不調やお悩みを専門医に相談したところ劇的に改善し、プロや専門家に頼ることの大切さを実感した時の名言。,第510回,2025/09/01 8:05:35
M017,名言,田淵智也,スマホを殺す,説明は省略しますが田淵さんの名言,,2025/09/05 1:55:24
M018,名言,田代智一,ベストではなくベターである(by田代さん,『たっちレディオ大忘年会2024』収録中に、人生相談をされていた田淵さんに対して、田代さんがおっしゃっていたかと思います。,忘年会,2025/09/06 9:24:22
M019,名言,デラさん,ストレスはテストステロンで解決！(byデラさん,2025年の放送内。,,2025/09/06 9:44:59
M020,名言,田代智一,イライラするのわかるぞ～と心の中でエールを送ってる。,苦手な人と仕事する時にイライラしている相談者に田代さんが仰られていた名言。,,2025/09/06 23:11:18
M021,名言,田代智一,イライラしないためには、まずイライラしない。,苦手な人と仕事する時にイライラしてしまう相談者に田代さんが仰られていた名言。,,2025/09/06 23:13:31
M022,名言,田淵智也,よく寝る。,苦手な人と仕事する時にイライラしてしまう相談者に田淵さんが仰られていた名言。,,2025/09/06 23:15:20
M023,名言,田淵智也,危険だなと思った人とは距離をとる。,苦手な人と仕事する時にどうしたらいいという相談者に田淵さんが仰られていた名言。,,2025/09/06 23:17:26
M024,名言,田代智一,全部無視してやり過ごす。,苦手な人と仕事をする時にイライラしてしまう相談者に田代さんが仰られていた名言。,,2025/09/06 23:19:49
M025,名言,田淵智也,期待をしないとイライラしない。,苦手な人と仕事する時にイライラしてしまう相談者に田淵さんが仰られていた名言。,,2025/09/06 23:21:28
M026,名言,田淵智也,俺みたいになれビーム,相手に自分みたいになって欲しいと思っている人が出してる雰囲気をビームに例えられてた名言。,,2025/09/06 23:26:53
M027,名言,田淵智也,やりがいをちゃんと能動的に見つける人が残っていく。,誰かに言われてやるのではなく自分からやりがいを見つけた人が残っていく業界だと言うことを仰られていた名言。,,2025/09/06 23:29:12
M028,名言,田淵智也,マジで1回4日死ぬほど寝てみる。,休日に遊ぶ体力がないことを相談された時に田淵さんが仰られていた名言,第1回,2025/09/07 2:19:53
M029,名言,田淵智也,寝ないとダメな人は寝た方がいい。,休日に遊ぶ体力がない相談者に対して、田淵さんが仰られた名言。,,2025/09/07 2:21:22
M030,名言,田代智一 / 田淵智也,昨日よりましな私。先週よりはましな今週をいこう。,,,2025/09/07 2:23:16
M031,名言,田代智一,繊細さの感度問題は永遠に解決できない。,田淵さんがライブで周り迷惑をかけないように、細心の注意をはらっていたが、結局受け取り手の感度の問題だということを仰られていた名言,,2025/09/07 2:25:42
M032,名言,田代智一,そんなところもありますよスタンスでいいのかもしれない。,田淵さんがプライベートでライブを観に行った時に、周りに迷惑をかけないように細心の注意をはらっていたが後日SNSで迷惑だったと発信されたことがあったといわれたときに田代さんが仰られていた名言。,,2025/09/07 2:28:35
M033,名言,田代智一,キアヌ・リーヴス理論で笑い飛ばす。(俺はプライベートではこういうキャラなんだ,田淵さんがプライベートでライブを観に行った時に、周りに迷惑をかけないように細心の注意をはらっていたが後日SNSで迷惑だったと発信されたことがあったといわれたときに田代さんが仰られていた名言。,,2025/09/07 2:29:36
M034,名言,田淵智也,結構ヤバイのがくる気がする。,厄年が近づいてきている時に田淵さんが仰られていた名言,,2025/09/07 2:32:05
M035,名言,田淵智也,再来年来ます、僕には大きな波が,厄年が近づいてきている時に田淵さんが仰られていた名言。,,2025/09/07 2:33:12
M036,名言,デラさん,期待値を下げておくのがライフハック,田淵さんが予め厄年に大きい厄がくることを予言していた時にデラさんが仰られていた名言。,,2025/09/07 3:05:17
M037,名言,デラさん,言葉として禁止しているのと、本当の事実から目を反らすのは違う,田淵さんがイベントでの飲酒をやめますと宣言した時に、デラさんが仰られていた名言。,,2025/09/07 7:04:39
M038,名言,田淵智也,泥酔キャラ、ピャアピャア言うキャラ,田淵さんが昔は酔っぱらって面白いことを言うのが許されていたという時に出てきた名言。,,2025/09/07 7:06:30
M039,名言,田代智一,田代さんが昔言っていた、1回走って駅に5分で着いたからには5分で着けると思ってしまう。,成功体験を表した名言。,第1回,2025/09/07 7:08:13
M040,名言,田淵智也,クリエイティブな目線で決めている。,イベントでお酒をやめようと思っているのは、年のせいでのような後ろ向きなことではなくて、クリエイティブな目線で決めたことなんだということを表明した名言。,,2025/09/07 7:22:33
M041,名言,田淵智也,僕がこういう感じでも暖かい目で見守ってほしい。,イベントでお酒を飲まないようにしたいと思っている田淵さんが、たっちレディオのリスナーにはお酒を差し入れされても、田淵さんはお酒飲まないんだよと野暮なことは言わずに暖かい目線で見て欲しいという時に出た名言。,,2025/09/07 7:28:28
M042,名言,田代智一,重箱の隅をつつくようなアナウンス,田淵さんがイベントでお酒を飲まないと思っていることをたっちレディオのリスナーにだけお伝えされた時に仰られていた名言。,,2025/09/07 7:32:19
M043,名言,田淵智也,何故天才は病まないとおもっているんだね。,どんな天才だと言われてる人でも病んでしますことはあるという名言。,,2025/09/07 7:35:17
M044,名言,田淵智也,俺も例にもれずそう。,田淵さんも天才たちと同じように病んでいる時もあるという名言,,2025/09/07 7:40:36
M045,名言,デラさん,言うか言わないかの違いというか、言う場があるかないかの違い。,人前に出る人達が気持ちを吐露している時に、そういうことを言う人なのか、言わない人なのかと、そういう場があるかないかの違いだけのことを仰られていた名言。,,2025/09/07 7:48:03
M046,名言,田淵智也,そこまでして人前に出なきゃいかんかね,人前に出る仕事をしている人に対しての名言。でも人前に出るのも一定の麻薬性があるからそれもわかるとのこと。,,2025/09/07 7:52:15
M047,名言,デラさん,吐露することに癒しの効果があるんじゃないかという期待,人前で自分の気持ちを吐露することが、吐き出すという気持ち良さと、共感してもらえることでおこる癒しの効果もあるんじゃないかという期待しているという名言,,2025/09/07 7:57:58
M048,名言,田淵智也,言いたいよねみんな,人前に出る仕事の人が自分の気持ちを我慢して、我慢してやっと言えて楽になっていることを同意の目、同情の目で仰られていた名言。,,2025/09/07 8:02:05
M049,名言,田代智一,小説家の断筆宣言だよね,人前に出る人が世間に対して、俺辞めますとお気持ちを表明していて、こちらとしてはお好きにどうぞ。という感じで出た名言。,,2025/09/07 8:06:46
M050,名言,田淵智也,変わらない方がいいよね外圧,世間の人から発せられている、変わらないでくれという気持ちを外圧に例えて仰られていた名言。,,2025/09/07 8:13:18
M051,名言,田淵智也,事実に直面したくない。エンタメなので。,世間の人が思っているであろうエンタメなんだから事実に直面させないでくれという気持ちを表した名言。,,2025/09/07 8:17:03
M052,名言,田代智一,60歳で屋根の上を走るか、60歳の役を甘んじて受け入れるかは選べる。,トム・クルーズみたいに年をとっても変わらずにいるか、リーアム・ニーソンやダニエル・クレイグみたいに年相応になっていくかという選択は選べるということを表した名言。,,2025/09/07 8:23:30
M053,名言,田淵智也,ギラギラしている人はギラギラしている。ずっと。,トム・クルーズみたいにギンギラしている人はずっとギラギラしていることを表した名言。,,2025/09/07 8:27:46
M054,名言,デラさん,恐怖は頭で納得出来ない。感情のものだから。,変化することは恐怖であるのだが感情のものなので、頭では理解できないことを表した名言。,,2025/09/07 8:45:10
M055,名言,田淵智也,これはこれでいっかには時間が必要。,変化に気付きはじめてから、頭で理解するには時間がかかることを表した名言,,2025/09/07 8:49:00
M056,名言,田代智一,海外は普通に美味かったら5、日本だと普通に美味しかったら3.2。日本人の感覚、頭狂ってない。,海外と日本の評価の違いに言及された名言,,2025/09/07 9:00:21
M057,名言,田淵智也,普通に良かったら5でよくない。,普通の評価が低すぎる日本の評価の仕方に対する名言。,,2025/09/07 9:02:31
M058,名言,田淵智也,ステルス値上げが普通にキモい,ステルス値上げをすることに対して苦言を呈する名言。,,2025/09/07 9:04:45
M059,名言,田淵智也,社員の幸せを守れないんですわ。って言うのが社長の務めじゃねぇのかよ,値上げをする時の理由として、社長に言って欲しいことを表した名言,,2025/09/07 9:11:47
M060,名言,田代智一,金に関するヘイトって日本人本当に強いよね,日本人はお金の話が出ると神経質になることを表した名言,,2025/09/07 9:13:35
M061,名言,デラさん,人間って階層でしか物事を見れない,言語は階層構造になっていて、人間は言語で世界を認識しているのであらゆる物を階層構造で見ていることを表した名言,,2025/09/07 9:18:02
M062,名言,デラさん,人間は頑張らないのがデフォ,人間は階層でしか物事を見れないという話の続きからその階層から外れた人や事や物は見なかったことにする構造から出た名言。,,2025/09/07 9:22:07
M063,名言,デラさん,SNSやってもいいけど指で触らない。指は便利すぎるから,スマホを殺すを目標にした田淵さんに対して、デラさんが仰られた名言。,,2025/09/07 9:24:57
M064,名言,田淵智也,人類が産み出してしまった害悪,スマホを殺すを目標にした田淵さんが、スマホに対して仰られていた名言。,,2025/09/07 9:26:30
M065,名言,田代智一,自分には頑張らないという選択肢がない。どうせ人は死ぬから、一度きりしかない人生、頑張る人生か頑張らない人生かなら結果はどうであれ頑張る人生が良い。どうしても頑張れない時は病院に行く。,大忘年会2024で田代さんが仰られていた名言。イベントの最後にふさわしいとても良い名言だなと思い、とても胸に響き、私も頑張る人生にしようと思いました。,忘年会,2025/09/07 19:42:45
M066,名言,田淵智也,そのテンションが上がってる様子を一言で見せてください。,第1回放送でテンションが上がってる田淵さんが仰られていた名言。,第1回,2025/09/08 2:38:35
M067,名言,田代智一,無茶振りだな～。いきなりきたか。,第1回放送で田淵さんのテンションが上がって田代さんに無茶振りをした時に田代さんが仰られていた名言,第1回,2025/09/08 2:41:31
M068,名言,田代智一,田淵君って今いくつだっけ。15歳だっけ。,第1回放送でテンションが高い田淵さんに対して田代さんが仰られた名言,第1回,2025/09/08 2:43:41
M069,名言,田淵智也,閉塞感を打破する。,第1回放送で初めてエコーがかかった名言。なぜたっちレディオが始まったのかのコンセプトが発表された。,第1回,2025/09/08 2:45:30
M070,名言,田代智一,しゃっそくその話をしましょう(早速その話をしましょう,第1回放送で田淵さんのテンションに押されて初めて言葉を噛んだ名言。,第1回,2025/09/08 2:47:56
M071,名言,田代智一,改めましてこんばんは、あれ、こんにちはだっけ？,第1回放送で田代さんが仰られていた冒頭の挨拶。最初なのでまだ挨拶が決まっていない。もしかして「桜のあと」の歌詞ってここからきてるんですかね？,第1回,2025/09/08 3:01:34
M072,名言,田代智一,アンジェリーナ・不条理,初期の頃にあったネタコーナー,,2025/09/08 3:13:44
M073,名言,田代智一,良い意味でベタ,第1回放送で田淵さんの作曲されたエンディングテーマに対して田代さんが仰られていた名言。,第1回,2025/09/08 3:23:00
M074,名言,田淵智也,鳴らないポケベルですよ。,第2回放送で自分は友達がいないことを仰られていた名言。,第2回,2025/09/08 3:28:36
M075,名言,田淵智也,あなたの閉塞感を打破タッチ,第2回放送で初めて番組のキャッチコピーを発表した時にエコーがかかった名言,第2回,2025/09/08 3:32:52
M076,名言,田淵智也,チクショウ～こいつ論理的になりやがって！,第2回の放送で田淵さんが作った言葉「打破タッチ！」を披露したが、田代さんから打破の突き破るとタッチの触れるという言葉で破り触れるのは見づらいということに対して田淵さんが仰られた名言,第2回,2025/09/08 3:39:24
M077,名言,田淵智也,剣道でいう所の面を討ちたい,第2回放送でドラえもんは卒業してると仰られていた田代さんやそういう方たちに対して仰られた名言,第2回,2025/09/08 3:42:34
M078,名言,田淵智也,ラジオの収録そっちのけでTUTAYAですよ。,第2回の放送で田淵さんがドラえもんの魅力を語る時に出た名言,第2回,2025/09/08 3:50:21
M079,名言,田淵智也,SかMかは言ったもん勝ち,第2回の放送でかさぶたを剥くのはSかMなのかは永遠に決まらないという話からでた名言,第2回,2025/09/08 10:58:10
M080,名言,田淵智也,じゃあ23回メールが採用されたら3人で踏みにいきましょう。,第2回の放送で「ドMもん」のコーナーに踏まれたいというメールが採用された時に田淵さんが仰られていた名言,第2回,2025/09/08 11:02:32
M081,名言,田淵智也,日本は不条理とドMでできている,第2回放送で「アンジェリーナ・不条理」と「みんな大好きドMもん」のコーナー募集をした時に仰られた名言。,第2回,2025/09/08 11:05:15
M082,名言,田淵智也,田淵サーモン智也です。,第3回放送で、田代さんといっせいのせで好きな寿司のネタを言うという流れになったときに田代さんが「鯖」田淵さんが「サーモン」といい揃わなかった後の田淵さんの挨拶で出た名言,第3回,2025/09/08 11:22:51
M083,名言,田淵智也,あなたの閉塞感いただきま～す,第3回放送で、打破タッチ！がまだしっくりきてなかった時にでた候補の名言,第3回,2025/09/08 11:25:46
M084,名言,田代智一,本当に今閉塞している人は飛び出してしまった方がいい,第3回放送で田代さんの留学経験から仰られた名言,第3回,2025/09/08 11:31:55
M085,名言,田淵智也,日本出不精,第3回放送で飛行機が苦手で海外旅行ができない田淵さんが仰られていた名言。,第3回,2025/09/08 11:39:39
M086,名言,田代智一,スルーしてるんじゃなくて受け止めてる。,第4回放送で、ボケる田淵さんに対して仰られていた名言,第4回,2025/09/08 11:52:01
M087,名言,田淵智也,5年、10年後に聞き返して恥ずかしくないラジオ作りをしていきたい。,第4回の放送で第1回目の放送を聞いた田淵さんの感想名言,第4回,2025/09/08 12:29:44
M088,名言,田淵智也,飲み込まないでよ～,第4回の放送で田代さんが田淵さんのボケを受け止めた時に出た名言。,第4回,2025/09/08 12:34:33
M089,名言,田淵智也,雨が降る。それでもお前に風が吹く。,第4回放送で、パーソナリティー力を審査するために、曲紹介の例として仰られた名言。,第4回,2025/09/08 12:36:57
M090,名言,田代智一,涙で濡れた枕カバーも、洗ってしまえばダウニーのいい香り。明日も元気にあいつをぶん殴ろう。,第4回放送で、ラジオパーソナリティーとして曲紹介をする練習で仰られていた名言。紹介された曲はロッキーのテーマ曲,第4回,2025/09/08 12:45:59
M091,名言,田淵智也,SOS団の6人目のメンバーとして踊って五月病をぶっ飛ばす,第4回放送で、ラジオパーソナリティーの曲紹介の練習で「ハレ晴レユカイ」を紹介した時に仰られていた名言,第4回,2025/09/08 12:51:18
M092,名言,田代智一,あれ、自由業なのに自由じゃないな～,第4回の放送で、オープニングトークの練習中に石ころを蹴ったり、木に登ったり、何かをしたら不審者になってしまうことについてトークをした後に締めに仰られていた名言,第4回,2025/09/08 12:56:51
M093,名言,田淵智也,21世紀のツンデレミュージシャンとして頑張ってきた。,第4回放送で、ラジオスキルを検証する企画で田淵さんがツンデレすぎた時に仰られていた名言,第4回,2025/09/08 13:01:03
M094,名言,田淵智也,今の俺の解釈面白くないですか？,第5回放送で田淵さんが絵画を見たときに仰られていた名言,第5回,2025/09/11 3:42:19
M095,名言,田代智一,抵抗を示さないで、行ってみると面白いよ。,第5回放送で美術館に行くことをおすすめするために仰られていた名言。,第5回,2025/09/11 3:47:08
M096,名言,田代智一,要するにギャグマンガなんだよね。,第5回放送で、シュルレアリスムを一言で表した時に仰られていた名言。,第5回,2025/09/11 3:50:57
M097,名言,田淵智也,僕が仲良くなる人は孤独な人なんですよ。,第7回放送でラジオ好きな人が自分の周りにいるがみんな孤独な人だということを仰られていた名言。,第7回,2025/09/11 3:54:56
M098,名言,田淵智也,デラさんから闇のアドバイス,第8回放送で業界の裏話をしてる時に仰られていた名言。,第8回,2025/09/11 4:02:56
M099,名言,田代智一,すごいね、性格も声もトゲトゲなんだね。,第8回放送で、前半に毒舌発言があったり、声質がトゲトゲされてた田淵さんに仰られていた名言。,第8回,2025/09/11 4:10:19
M100,名言,田淵智也,人と友達になるのはハプニング,第15回放送で、友達の作り方について話していた時に仰られていた名言。,第15回,2025/09/14 13:21:42
M101,名言,デラさん,体験を買ってほしい,第18回放送で、田代さんにクロスバイクを勧める時に仰られていた名言,第18回,2025/09/21 0:22:07
M102,名言,田淵智也,ネットは井戸端会議の延長,第19回の放送でSNSの発言が問題になった事件で仰られていた名言,第19回,2025/09/21 1:14:24
M103,名言,田代智一 / 田淵智也,他の人がやってないからやらなきゃ,第21回放送で、なぜ音楽をやっているのかを聞かれて仰られていた名言,第21回,2025/09/21 8:05:32
M104,名言,田淵智也,スランプ1回もない,第21回放送で、田代さんにスランプがないか聞かれた時に仰られていた名言,第21回,2025/09/21 8:08:20
M105,名言,田淵智也,わかられたい、認められたい、かっぱえびせん,第21回放送でなぜ曲を作るのかの議論で曲を作る人は寂しい人という話しから出た名言,第21回,2025/09/21 8:10:12
M106,名言,田代智一,やっぱりミュージシャン、音で会話しようぜ,第26回放送で、フェス会場で会話ができない田淵さんに仰られていた名言,第26回,2025/09/26 5:48:28
M107,名言,田代智一,先輩ノブオブですね！(ノーブレス・オブリージュ,第26回放送のたっちディクショナリーで出た名言,第26回,2025/09/26 5:50:17
M108,名言,田代智一,ハリウッド通の俺から言わしてもらうと,第29回放送で、ハリウッド映画がお好きな田代さんが仰られていた名言,第29回,2025/09/26 5:53:24
M109,名言,たっちレディオ,60点を毎日やってみる,キャパを超える目標に向かって走っても続かないから、これくらいならできるかもをやってみる。,,2025/09/27 22:56:00
M110,名言,田淵智也,お得意のスマホ,まだ田淵さんがガラケーだった頃かスマホにしたばかりの頃か覚えていないのですが、何かを調べる時にすぐスマホを使うのを「お得意のスマホで」と田淵さんが仰っていたような気がします、ふふっとなりとても好きです,,2025/09/28 11:19:46
M111,名言,田代智一,僕ぐらいの人間になるとガムをあげたい人は1人くらいしかいないんで、まぁ田代さんですけど,第30回放送で、親切にする話しで仰られていた名言,第30回,2025/09/28 11:24:17
M112,名言,田代智一,ベストタイムは奇跡のタイム,第32回放送で、飲み会に遅刻した田淵さんに仰られていた名言,第32回,2025/09/28 11:26:36
M113,名言,デラさん,わかってなさを面白がる,第500回放送で映画「TENETテネット」についての話題で仰られていた名言,第500回,2025/09/29 10:14:52
M114,名言,田淵智也,なるほど、面白い、その考えもあるよね,第500回放送で写真を撮る、撮らないの話題からお互いの言い分を認めるから出た名言,第500回,2025/09/29 10:19:26
M115,名言,田代智一,一番大切なものを決めない,第34回放送で、リスナーから一番大切にしてるものはなんですか？という質問で、いつ何が大切になるかわからないからあえて決めないという話しから出た名言,第34回,2025/09/29 10:22:59
M116,名言,田代智一,バタフライ理論で幸せになっている人がいるはず,第36回放送で、年末になりたっちレディオも長くやってきて救われた人もいるはずという話しから出た名言,第36回,2025/09/29 10:26:04
M117,名言,田淵智也,俗の低い飲み会,第36回放送で、田代さんがラジオでの立ち位置を考えていた時にそのリアクションは俗の低い飲み会のノリですよの時に出た名言,第36回,2025/09/29 10:29:28
M118,名言,デラさん,課題が多い人がうらやましい,第36回放送で、デラさんがゴールを決めれば何でも出来るという話しから他の人をみてまだこんなに改善できる課題があってうらやましいという話しから出た名言,第36回,2025/09/29 10:32:33
M119,名言,田代智一,元祖は旨い意味じゃない,第35回放送で元祖より派生店の料理の方が旨いという話しから出た名言,第35回,2025/09/29 10:35:09
M120,名言,田代智一,未来の自分をかけてはダメだよ,第35回放送で、お願いギブアンドテイクで未来の自分を犠牲にしてはダメという話しから出た名言,第35回,2025/09/29 10:37:33
M121,名言,田代智一,親しき仲にも礼儀あれ,第39回放送で、リスナーの方から人見知りでなかなか仲良くなれないという話しから仰られていた名言,第39回,2025/10/02 8:34:04
M122,名言,田淵智也,頭良くなるラジオみたいじゃない？,第39回放送で、ドMもんに送られてきたメールが意味深なメールですごい推測をされていた時に仰られていた名言,第39回,2025/10/02 8:38:12
M123,名言,田代智一 / 田淵智也,言葉の賞味期限。言葉って鮮度がある。,第41回放送で、言葉愛好家のお二人が仰られていた名言,第41回,2025/10/02 8:59:30
M124,名言,畑亜貴,軽いことこそ真剣に,第43回放送で、なんてこった林檎を作詞した時に仰られていた名言,第43回,2025/10/02 9:02:04
M125,名言,畑亜貴,１２０%以上出さないと私は失敗だと思ってるんで,第43回放送で、畑さんの仕事に対する話しで仰られていた名言,第43回,2025/10/02 9:03:34
M126,名言,田代智一,その正義は本当に正義なのか,第454回。正義感からの行動が相手や周囲にとって本当に良い結果を生むのか、多角的な視点を持つ重要性を語った名言。,第454回,2025/10/04 7:27:17
M127,名言,徳永憲,かませいぬでもチャンスはチャンス,第49回放送で、徳永さんがデキレースのオーディションに参加するときのモチベーションで仰られていた名言,第49回,2025/10/18 10:48:10
M128,名言,田淵智也,上手い人のミスは可愛い,第55回放送で、眉毛の書き方が普段と違う人がいてキュンとした話で田淵さんが仰られていた名言,第55回,2025/10/18 10:50:51
M129,名言,田淵智也,他の人がやってるなら俺やらなくてよくない？,第57回放送で、桜ソングが多すぎるという話から仰られていた名言,第57回,2025/10/19 2:02:20
M130,名言,田淵智也,回復するにはリハビリがいる。,第685回の放送で、忙しい田淵さんが仰られていた名言,第685回,2025/10/20 1:33:51
M131,名言,田代智一,すごいバッターでも3割しか打てない。3割でよくない？,第685回の放送で、完璧主義な田淵さんに仰られていた名言,第685回,2025/10/20 1:36:02
M132,名言,田淵智也,Xのおすすめは見ない方がいい,第685回。SNSの情報過多やタイムラインに疲れた時に、精神的な平穏を保つためのライフハックとして出た名言。,第685回,2025/10/20 1:37:43
M133,名言,たっちレディオ,動かない人生より、動く人生や!!!!!!!!!,第709回の冒頭です。田淵さんがメールを送信する場面のお話。,第709回,2025/10/21 10:58:09
M134,名言,田代智一,自分に課題を課すんじゃなくて、まず楽しいことから始める,第62回放送で、3日坊主に悩んでいるリスナーの方に仰られていた名言。,第62回,2025/10/24 23:14:27
M135,名言,田淵智也,俺、脇役になりたい,第64回放送で、出しゃばりたくないけど空気的に出しゃばってしまうことが悩みという話で仰られていた名言,第64回,2025/10/25 0:16:01
M136,名言,田代智一,仕事の電話だって言って、その場から立ち去る。,第64回の放送で、飲み会での沈黙が怖い田淵さんにアドバイスした名言。,第64回,2025/10/25 0:25:22
M137,名言,デラさん,顔だけで相づちをうつ,第64回の放送で、声が出る相づちをたくさんしてしまう田淵さんに対してデラさんが仰られていたアドバイス名言,第64回,2025/10/25 0:38:20
M138,名言,田代智一,気楽に地球を救えるのが良い。,第65回の放送で、エコのアイデアの話がたくさんでたときに、義務とか努力じゃなくて楽しくエコ活動できたらいいよねという話のまとめで仰られていた名言。,第65回,2025/10/25 1:52:08
M139,名言,田淵智也,そんなにお前に興味ねぇ,第76回放送で、会議などで緊張してしまうというリスナーの悩みに答えられていた名言,第76回,2025/10/25 22:48:33
M140,名言,田代智一,それは事実として通りすぎよう,第76回放送で、会議で緊張してしまうリスナーの方に答えられていた名言,第76回,2025/10/25 22:50:47
M141,名言,田代智一,閉塞感を打破するには起爆剤が必要,第76回放送で、会議に女性がいると緊張してしまうリスナーに対して、趣味のサークルやクラブにいってみるなどのアイデアのときに仰られていた名言,第76回,2025/10/25 22:59:26
M142,名言,田淵智也,オニ連しかない,第552回放送で、ドラムをやっているがこれから先何を頑張ったらいいかというリスナーからの質問に答えられた名言,第552回,2025/10/27 5:47:46
M143,名言,田淵智也,何者でもない時は何でもやるしかない,第552回放送で、ドラムをやっているリスナーからどうすれば音楽を仕事にできるかという質問に対して答えられていた名言,第552回,2025/10/27 5:49:18
M144,名言,田淵智也,ケバブどこで食ってもうまい,第613回の放送で、デラさんが帰国されていてオススメのお店を話していたときに仰られていた名言,第613回,2025/10/29 8:11:01
M145,名言,田淵智也,世の中を良くする,第613回の放送で、2023年の目標で仰られていた名言,第613回,2025/10/29 8:12:18
M146,名言,田淵智也,質問するやつはえらい,第537回の放送で、たっちレディオのイベントで質問できなかったリスナーの方に仰られていた名言,第537回,2025/10/29 8:13:53
M147,名言,田代智一,1人サファリパークはきつい,第78回放送で、世の中で一番きつい1人～は何かという話になって仰られていた名言,第78回,2025/10/29 8:31:31
M148,名言,田淵智也,寿司でも時事ネタでも旬が大事,第79回放送で、時事ネタ回を話すときに仰られていた名言,第79回,2025/10/29 8:56:57
M149,名言,田淵智也,外野だまってろ,第79回放送で、漫画家のアシスタントがブラックだという話から仰られていた名言,第79回,2025/10/29 9:15:55
M150,名言,田淵智也,謙虚な姿勢で日々を生きてる,第80回放送で、前回の放送で田淵さんが喋りすぎてるということを気にしているときに仰られていた名言,第80回,2025/10/29 9:35:15
M151,名言,田淵智也,心を込めることを諦めてはいけない,第737回の放送で、転職しようか迷っているリスナーに仰られていた名言,第737回,2025/10/31 6:15:34
M152,名言,田淵智也,やった方が人生はおもろい,第687回の放送で、仮面浪人をオススメしたデラさんの案に対して仰られていた名言,第687回,2025/11/01 21:08:33
M153,名言,田代智一,星1レビューつけるしかない,第687回の放送で、旅行先の飲食店に男女2人で行ったが男性客の方だけ大盛だったという閉塞感に仰られていた名言,第687回,2025/11/01 21:15:33
M154,名言,田淵智也,砂糖と人工甘味料は普通にダメ,第687回放送で、肌荒れに悩んでいた田淵さんがお医者さんに言われた名言,第687回,2025/11/01 21:23:02
M155,名言,田淵智也,カウンセリングに行く,第687回の放送で、美容にお金をかけすぎてしまうのではないかというリスナーの不安に仰られていた名言,第687回,2025/11/01 21:50:34
M156,名言,田代智一,生ものだからしょうがないじゃん,第83回の放送で、ギターの発表でミスをしてしまったリスナーに仰られていた名言,第83回,2025/11/05 4:58:17
M157,名言,田淵智也,世の中って思ったより場あたり,第83回放送で、ギターを続けるか絵の道に進むか迷っていたリスナーに仰られていた名言,第83回,2025/11/05 5:00:23
M158,名言,田淵智也,楽しくないならやらなきゃいい,第83回の放送で、ギターを続けるか、絵の道に進むかで迷っているリスナーに仰られていた名言,第83回,2025/11/05 5:03:40
M159,名言,田淵智也,思わぬところで潰しがきく,第83回の放送で、ギターを続けるか、絵の道に進むかで迷っていたリスナーに仰られていた名言,第83回,2025/11/05 5:06:21
M160,名言,田淵智也,誰が言ってるか問題,第681回放送で、芸能人の結婚しましたという投稿にコメントすることに対する名言,第681回,2025/11/05 5:10:15
M161,名言,田淵智也,みんなが見えるところでやんなくてよくね,第681回の放送で、芸能人の結婚しましたの投稿にコメントすることに対する名言,第681回,2025/11/05 5:12:16
M162,名言,田淵智也,手紙を書けよ,第681回の放送で、芸能人の結婚しましたという投稿にコメントすることに対する名言,第681回,2025/11/05 5:13:43
M163,名言,田淵智也,なんとかなるんじゃん精神,第688回放送で、SNSで子どもを産むことに否定的な意見が多いことに閉塞感を抱えているリスナーの方に仰られていた名言,第688回,2025/11/07 10:45:12
M164,名言,田代智一,余計なこと考えず、自分の人生やった方がいい。,第688回で、SNSで子どもを産むことに否定的な意見が多いことに悩んでいるリスナーの方に仰られていた名言,第688回,2025/11/07 10:47:10
M165,名言,田代智一,調べすぎずに、自分のことだけに集中。自分のことだけに構った方がいい,第673回。仕事や人間関係で疲れて休養中のリスナーへ、ネット情報に惑わされず自分自身のケアに専念するようアドバイスした名言。,第673回,2025/11/07 20:59:46
M166,名言,田淵智也,休んではいけないという同調圧力に負けずに休め,第673回。無理をしてしまいがちなリスナーに対して、周囲の目を気にせずしっかりと休息を取ることの大切さを伝えた名言。,第673回,2025/11/07 21:13:17
M167,名言,田代智一,マッチョにならなくてもいい,第677回の放送で、インターネットだと強くなれみたいな意見が多いが弱くてもいいということを仰られていた名言,第677回,2025/11/08 22:52:40
M168,名言,田淵智也,孤独じゃなければ人は死なない,第677回。思い悩んでいるリスナーに対して、人との繋がりや相談できる環境の重要性を力強く伝えた名言。,第677回,2025/11/08 22:53:53
M169,名言,田代智一,あなたが忙しいように私も忙しいんです,第93回の放送で、断ることが苦手なリスナーの方に断り方を仰られていた名言,第93回,2025/11/10 16:52:13
M170,名言,田代智一,言い訳をしないでサックリ断る,第93回放送で、断ることが苦手なリスナーの方に断る時は理由を伝えずに断る方が良いということで仰られていた名言,第93回,2025/11/10 16:54:10
M171,名言,田代智一,自分に向いてるリア充を探す,第93回の放送で、積極的になってリア充を目指すというリスナーの方に、リア充だから積極的になる必要はないということを仰られていた名言,第93回,2025/11/10 16:56:13
M172,名言,田淵智也,人を信頼して投げる,第93回の放送で、デラさんの目標が人に任せるという目標の時に仰られていた名言,第93回,2025/11/10 16:57:56
M173,名言,田淵智也,スイッチ入れればなんとかいける。,第649回の放送で、グミ協会のイベントに参加した時に周りがキラキラしていて馴染みにくかった時に仰られていた名言,第649回,2025/11/12 1:19:23
M174,名言,田淵智也,風邪引かないのは本当に大事,第649回の放送で、副鼻腔炎になった田淵さんが仰られていた名言,第649回,2025/11/12 1:20:38
M175,名言,田淵智也,可愛いって言っていいんだ,第649回の放送で、田淵さんが以前の自分は可愛いっていう言葉をいうのに渋っていたが周りの人達が使い始めたので自分も使っていいんだという時に仰られていた名言。,第649回,2025/11/12 1:22:58
M176,名言,田淵智也,世の中への恩返しを出来るだけやろう,第712回の放送で、SNSのアカウントを開設した田淵さんが仰られていた名言,第712回,2025/11/12 4:04:40
M177,名言,田淵智也,SNSの悪魔と戦う,第712回の放送で、SNSのアカウントを開設した田淵さんがおすすめを見てしまう時に仰られていた名言,第712回,2025/11/12 4:06:26
M178,名言,田淵智也,毎日見てると会いたくなる,第712回の放送で、タイムラインに出てくるアイドルを何度も見てると会いたくなることを仰られていた名言,第712回,2025/11/13 2:27:25
M179,名言,田淵智也,努力してんだよ。売れてる人はよう。,第712回の放送で、SNSなどで売れている人は努力をしているという時に仰られていた名言,第712回,2025/11/13 3:06:53
M180,名言,田代智一,いかに低い労力で続けられるか,第674回の放送で、たっちレディオを続ける秘訣で仰られていた名言,第674回,2025/11/16 7:51:02
M181,名言,田淵智也,ネクストバッターズサークルでずっと素振りしとけば、きた時に当たる,第674回の放送で、チャンスがくるために準備を怠らないために仰られていた名言,第674回,2025/11/16 7:53:16
M182,名言,田代智一,自分の中のベター、自分の中のベストを目指そう,第674回の放送で、憧れの人を目標にするのではなく自分の中に目標を作ることを仰られていた名言,第674回,2025/11/16 8:00:00
M183,名言,田淵智也,憧れの自分になれなくてもくよくよしない,第674回の放送で、憧れの自分になれなくても大丈夫ということを表現された名言,第674回,2025/11/16 8:02:55
M184,名言,田淵智也,でも、まぁ今が楽しいからいいかぁ,第674回の放送で、憧れの自分になれなくても今の現状を楽しむことを表現された名言,第674回,2025/11/16 8:04:35
M185,名言,田淵智也,人生に飽きそう,第700回の放送で、ミドルエイジクライシスに陥りそうな田淵さんが仰られていた名言,第700回,2025/11/19 23:39:41
M186,名言,デラさん,ずっと42歳でいく,第700回の放送で、ミドルエイジクライシスに陥りそうな田淵さん対して、デラさんが仰られていた名言,第700回,2025/11/19 23:42:11
M187,名言,田淵智也,仲間と何かをする,第700回の放送で、田淵さんが自分は何が好きなのかを突き詰めた時に仰られていた名言,第700回,2025/11/19 23:44:28
M188,名言,田代智一,コミューンをつくる,第700回の放送で、ミドルエイジクライシスになりそうな田淵さんに解決策を提示された名言,第700回,2025/11/20 8:16:08
M189,名言,デラさん,ピュア談ですよ,第700回の放送で、700回の放送全体がこれこそ雑談だという話から、これは雑談ではなくピュア談だと仰られていた名言。,第700回,2025/11/20 8:18:24
M190,名言,田淵智也,修道院に入る,第700回の放送で、ミドルエイジクライシスに悩んだ人は最終的に修道院に入るにたどり着くと仰られていた名言,第700回,2025/11/20 8:20:22
M191,名言,田淵智也,昨日までなしだったことが、今日ありになる,第621回の放送で、新薬が発明された時に医者の方が手のひらを返したように称賛することを自分でも肝に銘じているという時に仰られていた名言,第621回,2025/11/25 1:33:00
M192,名言,田代智一,もっともらしい説明を真に受けない方がいい,第621回の放送で、田代さんのたっちメモに書いてあった名言。,第621回,2025/11/30 6:19:44
M193,名言,田淵智也,恐れはあるけど、蓋明ければなんとかなるんじゃないの,第625回の放送で、小学生から中学生になるのに不安というリスナーからのメールに仰られていた名言,第625回,2025/12/12 8:53:01
M194,名言,田淵智也,世の中の不条理や怒りは全てウケるに変換できる,第625回の放送で、小学生から中学生になるのに不安を抱えているリスナーからのメールに仰られていた名言,第625回,2025/12/12 8:54:27
M195,名言,田淵智也,学んどいて損はない,第107回放送で、詰め込み教育の話題になっているときに微分積分や歴史の年号を学ぶのに意味がないということにたいして仰られていた名言,第107回,2025/12/14 6:49:38
M196,名言,田代智一,突き詰めると運だよね,第113回の放送で、実写化作品のできばえについて仰られていた名言,第113回,2025/12/14 7:23:55
M197,名言,田淵智也,嫌がる人もいるよね,第113回の放送で、アイドルのライブで撮影OKにしている界隈の話題で仰られていた名言,第113回,2025/12/14 7:25:40
M198,名言,田淵智也,ボロクソに褒めてください,第113回の放送で、閉塞感を打破できた感想が欲しいと仰られていた名言,第113回,2025/12/14 7:27:32
M199,名言,田淵智也,俺らの気づかないところで見えない力が働いてる,第119回の放送で、漢字の書き順が昔と違っているのではないかという話題で仰られていた名言,第119回,2025/12/14 8:56:18
M200,名言,田淵智也,お前それ電話だぞ,第119回の放送で、スマホのアプリをたくさん入れている人に対して仰られていた名言,第119回,2025/12/14 8:57:34
M201,名言,田淵智也,宗教上の理由でGPS使えない,第119回の放送で、Googleマップの現在位置が使えない時に仰られていた名言。コンパスのアプリは入れている。,第119回,2025/12/14 8:59:27
M202,名言,田淵智也,俺が最初に目を付けてたのに現象ね,第119回の放送で、デラさんがLINEアプリを流行る前から使用していたという発言に仰られていた名言。,第119回,2025/12/14 9:01:29
M203,名言,田代智一,なんなのみんなストーカー？,第121回の放送で、田代さんのツイートに田淵さんが載っていたらたくさんリツイートされたという話題から仰られていた名言,第121回,2025/12/14 9:40:09
M204,名言,田代智一,田淵さんに友達いるよ。田代さんが友達だよ。,第121回の放送で、田代さんのツイートに田淵さんが写っている画像をアップしたらたくさんリツイートされた話題で、みんながリツイートすることで田淵さんに田代さんが友達なんだよということを伝えているということを仰られていた名言。,第121回,2025/12/14 9:43:11
M205,名言,田淵智也,私のポテンシャルを過小評価しすぎじゃない？,第121回の放送で、飲み会の途中で寝てしまうのは小休止。サッカーで言うところのハーフタイムだと仰られていた時に出た名言。,第121回,2025/12/14 9:45:04
M206,名言,田淵智也,生涯で一番忙しい1ヶ月,第121回目の放送で、なんども言っていると前置きしたうえで一番忙しい時期が終わった時に仰られていた名言。,第121回,2025/12/14 9:46:54
M207,名言,デラさん,シャラくさいですよね！,第121回の放送で、キリンのCMが以前のものと比べて評価されているのはバラエティーの手法によるものであることを気づいていないネット民に対して仰られていた名言,第121回,2025/12/14 9:49:31
M208,名言,田淵智也,大ボケをかます,第756回の放送で、40歳の記念にソロアルバムを出した田淵さんが仰られていた名言,第756回,2025/12/25 7:37:04
M209,名言,田淵智也,売れるためならなんでもします,第756回の放送で、ソロアルバムを発売する田淵さんが仰られていた名言,第756回,2025/12/25 7:38:27
H001,閉塞感,アンケート投稿（テストプレイ）,脚本などを書き始めるが、根気のなさからすぐに書くのを断念してしまう。,第610回。私は映画、演劇やコント、漫才が大好きでよく観に行くのですが毎回なんて面白い作品なんだと思うのと同時になんでこんなに作り上げることが出来るんだろうと思っていて、自分でも書いてみたいと思い脚本などを書き始めるのですが、性格の問題なのか根気のなさなのかすぐに書くのを断念してしまいます。という閉塞感に締め切りを決める。マッチする理想の尺感を決める。成功体験、承認欲求を得れるようにとりあえず一回完成させてみる。先例のフォーマットを先に決める。短いシーンやショートコントをたくさんつくってみる。60点でも一回出してみる勇気を持って出してみる。などのアドバイスをたくさんいただいたのとデラさんからの論文のハックがためになったので印象に残りました。,第610回,2025/08/22 22:36:00
H002,閉塞感,アンケート投稿（テストプレイ）,上記と被るのですが、蛙化に真っ直ぐキレる現象の回が好きです,天下のアベプラが本来の意味の蛙化現象の解説を放棄していたと熱弁している田淵さんが印象的でした！,,2025/08/23 11:31:20
H003,閉塞感,アンケート投稿（テストプレイ）,東大の彼,珍しく続編のメールが来たため,,2025/08/24 5:38:12
H004,閉塞感,アンケート投稿（テストプレイ）,第552回 有料配信についてのブレスト,これに限らず、いろいろと企画が立ち上がるのにその後なかったことになっているものが多すぎるため（グッズ制作とか）,第552回,2025/08/24 5:47:00
H005,閉塞感,アンケート投稿（テストプレイ）,やりたい仕事か向いてる仕事か,みんな向き不向きがあって、田代さんが昔電車のドアに広告のシールを貼るバイトをした際、丁寧に貼っていたら、ズレてもいいから沢山早く貼っていってと上司に指摘された。人によって気になる事が違う、その特性を知って選ぶといいとおっしゃっていたこと。,,2025/08/25 4:03:52
H006,閉塞感,アンケート投稿（テストプレイ）,「蛙化現象」の意味の変遷,397回（2018年）で話題にしたのに色々変遷を経て638回（2023年）でTwitterで募集しさらにタツオさんをゲストに迎えて特集するなど引っ張ったから,第397回,2025/08/28 21:28:08
H007,閉塞感,アンケート投稿（テストプレイ）,美味しいものが販売終了になってしまうのが残念だ。（無印の海老クリームパスタソースが販売終了になってしまった）,自分のメールが読まれたから,,2025/09/01 8:05:35
H008,閉塞感,アンケート投稿（テストプレイ）,すいませんパッと思いつきませんでした。,,,2025/09/03 0:21:56
H009,閉塞感,アンケート投稿（テストプレイ）,2、3年前くらいの放送で、教職員の方が結婚して子どもを持ちたいとは思うけど仕事にやり甲斐を見出しているので悩んでいる、という閉塞,妊娠出産育児はタイムリミットがあるので、子どもを持ちたい気持ちがあるなら自分だったら仕事は少しお休みする道を選ぶと思い、印象に(記憶に)残っています。,,2025/09/28 11:19:46
H010,閉塞感,アンケート投稿（テストプレイ）,ロスの話,なんか丁度たっちレディオを聞き始めたタイミングでPodCastの割と新しめのところにありました。ガッキーと源ちゃんが結婚したタイミングのやつです。なんかすっごい衝撃でめっちゃ覚えてます,,2025/10/21 10:58:09
H011,閉塞感,アンケート投稿（テストプレイ）,仕事に熱中しすぎたら出産の機会逃してないか??,第709回(丁度聞いてるのでめっちゃ送ってます)の冒頭。自分は現在２０歳女ですが出産はおろか結婚できるかすら分かんない人生すぎて共感していました。男女問わずおんなじ悩みを抱えている人も一定数いると思います,第709回,2025/10/21 11:07:03
H012,閉塞感,アンケート投稿（テストプレイ）,701回の、「告白というのは好意を告げるプラス交際の要求」,告白に対してそんなに深く考えたことがなかったので、そこに引っかかる人もいるんだなぁと印象深い。自分には全くなかった考え方を知れたことが嬉しかった。,第701回,2025/11/07 20:59:46
H013,閉塞感,アンケート投稿（テストプレイ）,彼氏が自分の誕生日にお母さんへのプレゼントを選んでいた(538回),田淵さんが「その彼は、次の彼女には 僕はマザコンですがいいですか？って聞いた方がいい」みたいなことを仰っていて、それが面白かったから。,第538回,2025/11/07 21:13:17
H014,閉塞感,年末閉塞感アンケート,あなたの閉塞感を教えてください,【ジャンル】閉塞感を感じやすいシチュエーションは？ / 【打破アプローチ】普段閉塞感を感じた時に打破する方法は？ / 【関連1】番組で印象に残ってる閉塞感を教えてください / 【関連2】番組で印象に残ってる打破は？,,
H015,閉塞感,年末閉塞感アンケート,正社員さんと仕事内容は同じ(求められる目標、裁量権、伴う責任がほぼ同じ)なのに、雇用形態が違う(パート)ために、社内で得られる恩恵が受けられない(特に社内研修系),"【ジャンル】仕事・職場, SNS・ネット, 街中・日常生活 / 【打破アプローチ】価値観を変える・視点をズラす, とりあえず好きな音楽を聴いて、脳をスッキリさせる / 【関連1】彼氏のために東大へ行くかどうか迷ってる方の話 / 【関連2】面倒なことほどやる",,
H016,閉塞感,年末閉塞感アンケート,"・自分は人の好きなものに対して興味を持とうとするのに、相手は誰も興味を示してくれない。だんだん自分は相手の好きを大切にしているのにどうして自分は大切にしてもらえないのか悲しくなる。

・子供が生まれた人のSNSがいきなり子供一色になること。今まであまり更新がなかった人も急にストーリーズを毎週更新するようになっている。拒絶したいわけではないが変化が大きすぎるので何故そうなるのかよくわからず困惑してしまう。

・人の気持ちを汲むことと決めつけることの違いがわからない。「相手はこう思っているだろう」と推測する行為自体は両方同じはずなのに前者と後者では何が違うのか。","【ジャンル】仕事・職場, 友人・人間関係, 家族・親族, SNS・ネット, 街中・日常生活, 政治・社会, 趣味 / 【打破アプローチ】価値観を変える・視点をズラす, ユーモア・ネタで乗り切る / 【関連1】第６８２回　感情移入しすぎて疲れてしまう人
私も感情移入しがちなので同じ悩みを持つ人がいるのが嬉しかった。
相談者さんの程度よりは軽いかもしれないが、見たいけれど見るのがこわい作品は多くある。 / 【関連2】第６８２回　感情移入しすぎて疲れてしまう人
素直になって「くらっている」と伝えること。それをうらやましいと思う人もいること。
そんなに重い感情を人に話してもいいものか悩んでいたので、言ってしまってもいいのかと目からウロコでした。",第６８２回,
H017,閉塞感,年末閉塞感アンケート,会議が長く生産性がない,"【ジャンル】仕事・職場, 街中・日常生活, 政治・社会 / 【打破アプローチ】ユーモア・ネタで乗り切る / 【関連1】プロレスって決まった筋書きなのになぜ楽しめるのか？という疑問やひっかかりが個人的にありました。 / 【関連2】プロレスは虚実皮膜論的楽しみがあるという視点を教えてもらい、今でもプロレスを目にするたびに思い出します。",,
H018,閉塞感,年末閉塞感アンケート,私は毎日実家の母とビデオ通話しています。私の時間が取れるのが深夜なので、まだ夕食も取れていない状態で通話をしています。主に母が話していて、母はいつもご飯に何を食べたとか、何度も聞いた話を繰り返すとかで20〜30分くらい経ってしまい、空腹で疲れていることもあり、イライラしてしまうことも多いです。ただ、母が精神的に不安定で私も心配なので、この日課をやめることは難しそうです。（母の身近な話し相手は私しかいません。）何とか10分くらいの通話でさくっと終わらせたいと思っていますが、うまくいかず、閉塞感を感じています。,"【ジャンル】仕事・職場, 家族・親族, 街中・日常生活 / 【打破アプローチ】価値観を変える・視点をズラす, 忘れる / 【関連1】0円ファン / 【関連2】理不尽な相手を人間だと思わない",,
H019,閉塞感,年末閉塞感アンケート,"電車に乗っているとよく感じるのですが、想像力の欠けている人が多くて閉塞感を感じています。
自身の安全や、荷物等に関する他社への配慮よりもスマホを優先し、揺れているにも関わらずつり革や手すりにつかまろうとしない人。前に立つ人や通りかかる人などのことなどお構いなしに足を組んで座っている人。動線を阻んでいるため奥が空いているにも関わらず、自分からは動かない人。ちょっと考えればみんなが快適とまでは言わなくても不快さの軽減ぐらいはできるのに、自分の行為が撒き散らす迷惑に対して想像力が働かない人が多くて困っています。","【ジャンル】仕事・職場, SNS・ネット, 街中・日常生活, 政治・社会 / 【打破アプローチ】価値観を変える・視点をズラす, 物理的な工夫で解決する",,
H020,閉塞感,年末閉塞感アンケート,将来がうっすら不安,"【ジャンル】将来がうっすら不安 / 【打破アプローチ】価値観を変える・視点をズラす, ユーモア・ネタで乗り切る / 【関連1】アロマンティックを公言するか否か（590回） / 【関連2】ボンヤリ友達を作る",第590回,
H021,閉塞感,年末閉塞感アンケート,チケットが買えない,【ジャンル】趣味 / 【打破アプローチ】価値観を変える・視点をズラす / 【関連1】アーティストを勧めると宗教的になる / 【関連2】撮影できないと思い出に出来ない(500回),第500回,
H022,閉塞感,年末閉塞感アンケート,友達が欲しいけど1人が好き,"【ジャンル】仕事・職場, 友人・人間関係, 趣味 / 【打破アプローチ】価値観を変える・視点をズラす, 新しい習慣・行動を試す",,
H023,閉塞感,年末閉塞感アンケート,学歴コンプレックス,"【ジャンル】学校・勉強, 友人・人間関係, SNS・ネット, 政治・社会 / 【打破アプローチ】とりあえず趣味などに没頭する / 【関連1】第628回13年目の真実の回のCDはどうあるべきかという閉塞感です。たっちレディオで度々取り上げられていますが、正解がない問題だと思っていて、これからどう付き合っていくかは時代とともに変わっていくのだろうなと思っています。 / 【関連2】第530回ロスは恥だが役に立つの回かなと思います。推しのロス問題は長年の日本の社会問題でもあると思いますし、結局ロスでも良いんだ!という結末に思わず唸ってしまった記憶があります。この回の放送あたりから聞き始めた者ではありますが(それもあってか)特に印象の強い回だったと思います。
あと打破なのか分かりませんがプレゼント選手権はすごく参考になりました。",第628回,
H024,閉塞感,年末閉塞感アンケート,"日常での閉塞感があまりないので、ちょっと重めのやつを吐き出します。
SNS等で散見される、インプレ稼ぎのデマや嘘について、特に日本vs他国といった対立を煽るような悪意あるポストが拡散されている場合、歴史や文化を知らない外国人が間違った知識を信じてしまったり、haterが集まって罵り合ったりと、状況が悪化の一途を辿りがちなことにモヤります。

私は長く海外に住んでいた経験から、日本の良さを外から知ることができて、それを世界に広めたい、日本のプレゼンスを上げたいと思っているので、真逆の動きに閉塞感を覚えてしまいます。

haterに対してはどんなに言葉を尽くしたところで意味ないことは理解しているし、悪意がある人は世界的に見れば一部だとは思うものの、日本の悪質なデマを流したり、街中や文化財に対して迷惑行為をするYouTuber等もいます。

ネットやスマホの普及とともに、教養に乏しい層も簡単にSNS等を通じて情報を得られ、偏った思想や差別・ヘイトの拡散に加担し、情報リテラシーや知識に格差が生まれている状況に危機感を覚えつつも、個人ではどうすることも出来ないのでモヤるばかりです…。

（答えが無さすぎてふつおたに書けないので、ここで成仏させてください。長いうえにゲームにも役立たなそうな閉塞感で申し訳ございません…！）","【ジャンル】SNS・ネット, 政治・社会 / 【打破アプローチ】価値観を変える・視点をズラす, ユーモア・ネタで乗り切る, 家族など近い関係の人と議論する / 【関連1】価値観を変える・視点をズラす, ユーモア・ネタで乗り切る, 家族など近い関係の人と議論する / 【関連2】家族の問題（兄弟の前科でしたっけ…）について恋人に話す背中を押してほしいというメールに対して、深い関係になりそうな相手に、どこまでを自己として開示するかという議論に発展したこと。例えば、家族はあくまで他人か、自分を構成する一部かなど、その人の育った環境や価値観によって、色々な意見が出てきそうで面白いと思ったので、印象に残っています。",,
H025,閉塞感,年末閉塞感アンケート,自分の限界なのか、伸び代なのか見極めが出来ているのかわからないところ。,"【ジャンル】自分の限界なのか、伸び代なのか見極めが出来ているのかわからないところ。 / 【打破アプローチ】新しい習慣・行動を試す, 物理的な工夫で解決する / 【関連2】最近だと学歴のコンプレックスをワーホリで解消。",,
H026,閉塞感,年末閉塞感アンケート,"20代中盤のOLらしい典型的な閉塞感を感じています。恋愛及び結婚、仕事(今後のキャリアをどの方向に舵を切るか)勉強や自己研鑽…など今後の人生について悩むことが多いです。

一番の悩みは恋愛です。結婚願望はあるので一年以上マッチングアプリをやり数十人と会ってきたが、長く続くような出会いがなく…。

自分に問題があるのかなぁ、皆はどのような閉塞感を感じているんだろう、と悩んだ時は過去回も遡ってたっちレディオを聞いています。","【ジャンル】友人・人間関係, 政治・社会 / 【打破アプローチ】価値観を変える・視点をズラす, 新しい習慣・行動を試す / 【関連1】第555回 手芸を副業に、の回 
まさにわたしも手芸を趣味兼副業としてやっており御三方の捉え方は参考になりました / 【関連2】第541回 孤独との戦い方については大変印象に残っています
コロナ禍のこの相談者さん程では無いですが、定期的に孤独感や寂しさに苛まれた時はこの回を聞いています",第555回,
H027,閉塞感,年末閉塞感アンケート,飲食店などで客が年下、特に学生の店員に対して敬語を使っていない様子を見るとモヤッとする。サービスを提供してくれてるんだから丁寧に接しろよというか、客と店は持ちつ持たれつの関係なんだからせめて互いに気持ちよく過ごせるように気を遣おうよと思う。,"【ジャンル】SNS・ネット, 政治・社会 / 【打破アプローチ】価値観を変える・視点をズラす, ユーモア・ネタで乗り切る / 【関連1】第687回　東大に行った彼のために一年浪人するべきか？の話 / 【関連2】第715回　バンドでパートを固定する必要はない",第687回,
H028,閉塞感,年末閉塞感アンケート,①所謂「名前のない家事」を実施するタイミングが夫婦間で異なる　②職場がPCで作成できる書類を紙出力の方が早い！と手書きでやるよう求められる。PC慣れしているので、手書きの方が明らかに時間がかかるが、所属一年目のため文句が言いづらい,"【ジャンル】仕事・職場, 家族・親族 / 【打破アプローチ】諦め / 【関連1】恋愛系（彼氏がプロポーズしてこない）",,
H029,閉塞感,年末閉塞感アンケート,米が高い・渋谷駅がダンジョン・最寄り駅にホームドアがないので人身事故が多い,"【ジャンル】SNS・ネット, 街中・日常生活, 政治・社会 / 【打破アプローチ】価値観を変える・視点をズラす, ユーモア・ネタで乗り切る, 新しい習慣・行動を試す / 【関連1】「おばさん」を自称することについて（燃えたため） / 【関連2】スマホ捨てろ（捨てられてない）",,
H030,閉塞感,年末閉塞感アンケート,"街中で苦手な音があるので、それと戦っています。
小銭が擦れる音が苦手です。
バスの中で小銭をニギニギする方に遭遇すると大変です。
普通に使用する時に出る音は平気なのですが、擦れる音がどうにも苦手に感じてしまいます。
イヤホンや意識をそらすことで、なんとかやり過ごしていますが、はやくキャッシュレス化が全国民に浸透してほしいなと思ってしまいます（笑）","【ジャンル】街中・日常生活 / 【打破アプローチ】価値観を変える・視点をズラす, 物理的な工夫で解決する / 【関連1】正義感の暴走リスクと周囲への配慮（第454回） / 【関連2】上記のお悩みに対して、「その正義感が全員にとって正しいのか」という視点から、相談者が浮気を告発することで起こりうるリスクがあることをしっかり提示されていました。私自身も、自分が口をつぐむことで守った人間関係があったので、数年ぶりに自分のその時の行動が救われた気持ちになりました。",第454回,
H031,閉塞感,年末閉塞感アンケート,挫折を繰り返しながら夢を追いかける人生なので閉塞感だらけです💦,"【ジャンル】仕事・職場 / 【打破アプローチ】新しい習慣・行動を試す, 科学的な方法を取り入れる, 物理的な工夫で解決する",,
H032,閉塞感,年末閉塞感アンケート,古参PC周り担当と自認していたが、様々な状況で意欲の減退を感じている,"【ジャンル】仕事・職場, 趣味 / 【打破アプローチ】価値観を変える・視点をズラす, 科学的な方法を取り入れる, 物理的な工夫で解決する",,
H033,閉塞感,年末閉塞感アンケート,AIにより自分の得意ジャンル消滅,"【ジャンル】SNS・ネット, 政治・社会 / 【打破アプローチ】価値観を変える・視点をズラす, ユーモア・ネタで乗り切る, 新しい習慣・行動を試す, 科学的な方法を取り入れる, 物理的な工夫で解決する,",,
H034,閉塞感,年末閉塞感アンケート,人よりも劣らないように何事も気を張って頑張っています。ここ、15年、育児を優先し我慢ばかりしていたら、自分のやりたいことがわからなくなった。そんな自分を誰も見てくれてない。,"【ジャンル】仕事・職場, 趣味 / 【打破アプローチ】新しい習慣・行動を試す / 【関連1】人からのいわれのない評価 / 【関連2】知識を身につける",,
H035,閉塞感,年末閉塞感アンケート,"30代に入り、周りから結婚を求められることが増えました。相手だっていないし、結婚したいとも思っていないのに。
これがわたしの最大の閉塞感です。
やっぱり結婚してる人が偉いのですか？","【ジャンル】仕事・職場, 友人・人間関係 / 【打破アプローチ】価値観を変える・視点をズラす, ユーモア・ネタで乗り切る / 【関連1】恋愛相談 / 【関連2】恋愛相談と結婚観についてです",,
H036,閉塞感,カード原案 (C109),いつもの道が、なぜか遠回り…,朝の通勤路、信号や工事、ゆっくり歩く人…理由は分からないのに、今日はやけに長い散歩みたいになっている。,,
H037,閉塞感,カード原案 (C110),開けようとしたページが、見つからない…,ブラウザのタブを何度も探すけど見つからない。まるで本棚の隙間に吸い込まれた一冊の本みたい。,,
H038,閉塞感,カード原案 (C111),ルーティンワークで、ふと手が止まる…,エクセルに数字を打ちながら、急に「ここはどこだっけ？」と別の世界にトリップしたように固まる。,,
H039,閉塞感,カード原案 (C112),『またこれか…』って、つい出ちゃう時,書類の同じ修正依頼メールが今日3回目。脳内でため息のエコーが響く。,,
H040,閉塞感,カード原案 (C113),BGMが、急に途切れた感じ…,カフェで作業中、急に音楽が止まり、空調の音だけがやけに大きく聞こえる。心まで静まり返る瞬間。,,
H041,閉塞感,カード原案 (C114),言いたいこと、喉元でUターン…,会議でいいアイデアが浮かぶも、タイミングを逃して自分の中に引き返す。まるで高速出口を通り過ぎた車みたい。,,
H042,閉塞感,カード原案 (C115),頭の中、整理整頓したいなぁ…,机の上も頭の中も書類だらけ。何から手を付けるべきか迷ううちに、さらに散らかっていく感覚。,,
H043,閉塞感,カード原案 (C116),心のアクセル、踏み込めない…,スタートラインでエンジンはかかっているのに、ギアを入れられずに空ぶかしだけしているような日。,,
H044,閉塞感,カード原案 (C117),自分ルールに、縛られてるかも…,「メールは朝しか返信しない」…自分で決めたルールが足かせになっているのに、なぜか手放せない。,,
H045,閉塞感,カード原案 (C118),解決策、検索中… (でも見つからない),Googleを5ページ目まで漁っても欲しい答えがない。出口のない迷路を歩き回っている気分。,,
H046,閉塞感,カード原案 (C119),ドアノブに、手が届かない…,ゴール目前、あと一歩の距離がなぜか遠い。手を伸ばしても空をつかむようなもどかしさ。,,
H047,閉塞感,カード原案 (C120),あと一歩が、なぜか重い…,メールの送信ボタンひとつ押すだけなのに、その指が鉛のように動かない。,,
H048,閉塞感,カード原案 (C121),予定表の、空白が怖い…,来週のスケジュールに真っ白なページ。解放感よりも、じわじわ広がる不安。,,
H049,閉塞感,カード原案 (C122),自分の中の、信号がずっと赤…,やるべきことが目の前にあるのに、心の交通信号が「進むな」と言い続ける。,,
H050,閉塞感,カード原案 (C123),リセットボタン、どこだっけ…,ゲームなら一発なのに、人生の設定を元に戻すコマンドは見当たらない。,,
H051,閉塞感,カード原案 (C124),会話のテンポに、ついてけない時…,話題が次々と変わる飲み会で、自分だけ古いチャンネルのラジオを聴いているような感覚。,,
H052,閉塞感,カード原案 (C125),みんなが知ってる歌、私だけ知らない…,カラオケで突然始まった大合唱。口パクでごまかしながら、孤島に取り残された気分。,,
H053,閉塞感,カード原案 (C126),窓の外だけ、時間が進んでる感じ…,自分の机の上は朝のままなのに、外は夕暮れの色。時間が外と中で別の速度を刻んでいる。,,
H054,閉塞感,カード原案 (C127),自分だけ、違う場所にいるみたい…,同じ会議室にいるのに、話題や空気がまったく噛み合わない。,,
H055,閉塞感,カード原案 (C128),SNSの『いいね』が、やけに遠い…,投稿しても反応ゼロ。砂漠に向かって声を投げたみたいな静けさ。,,
H056,閉塞感,テストプレイ進行お題,YouTubeのおすすめ動画を見ていたら、いつの間にか外が暗い。どうすればやめられる？,YouTubeのおすすめ動画をダラダラ見て時間が過ぎてしまう閉塞感,,
